,id,img,label,text
0,53692,img/53692.png,1,"wait, mohammad come back!! i didn't mean to laugh,really size doesh't matter to me lol"
1,78469,img/78469.png,1,when each letter is a mental disorder
2,93512,img/93512.png,1,once you go black so does your eye
3,10829,img/10829.png,1,"its ok, let them in only a few will kill"
4,49536,img/49536.png,0,hillary clinton caught telling the truth! april fools!
5,43610,img/43610.png,1,send me a latina who's not crazy i don't know how to make them
6,29643,img/29643.png,1,"dad, dishwasher is loaded again '' ''"
7,64590,img/64590.png,1,damnit! dishwasher's broke again
8,48579,img/48579.png,1,throws people into gas chambers evil throws people into eternal pits of fire good
9,95103,img/95103.png,0,you're not really drunk until you are speaking fluent ozzy osbourne
10,59142,img/59142.png,1,when your memes spread faster than stds at gay bars i've got the power
11,35896,img/35896.png,0,once you go black you are forever a single mom
12,39870,img/39870.png,1,"when muslim parents use the ""open wide, here comes the airplane"" technique do they just smash it in the baby's face and make explosion noises?"
13,70126,img/70126.png,1,when i have an orgasm it's tranny fluid
14,68309,img/68309.png,1,"actually retard, the muslims aren't the problem the problem is that pussies are stopping us from killing the muslims"
15,37628,img/37628.png,1,when your uber driver arrives but you're probably safer driving drunk
16,80256,img/80256.png,0,damn girl that's a policy i could get behind
17,37615,img/37615.png,1,i thought of something funnier than 9/11 the holocaust
18,6824,img/06824.png,1,these aren't bears! these are just two fat gay fucks! pride
19,15806,img/15806.png,0,so much trash we need a garbage collector
20,73520,img/73520.png,1,does this burka make my bomb look big?
21,71485,img/71485.png,0,hurry ladies he's still.. luke warm
22,53908,img/53908.png,0,"i know you like her son, but you can't just pull a girls hair.. until she's 30 or so. they actually come around on this one"
23,78903,img/78903.png,1,if a nigga did this he would've got the death penalty
24,46318,img/46318.png,0,when you don't have to see your ex future mother-in-lav anymore
25,73814,img/73814.png,0,oh god oh fuck please end my suffering
26,2973,img/02973.png,0,how long can i run? till the chain tightens
27,6859,img/06859.png,1,the entire world: the great war killed millions germany: you gotta pump those numbers up!
28,1256,img/01256.png,1,when your debit card decline at the abortion clinic and they have to put the baby back in
29,45267,img/45267.png,1,survives ebola gets adopted by angelina jolie
30,63095,img/63095.png,0,when you have errands to run but you're too tired to deal
31,84120,img/84120.png,0,when u tryin to be cute but she gotta make everything sexual
32,43612,img/43612.png,1,racing for pink slips in africa
33,8172,img/08172.png,0,bosses be like when you coming in?
34,32750,img/32750.png,0,"william shatner has discontinued his new line of ladies lingerie apparently ""shatner panties"" wasn't the best choice for a name"
35,29785,img/29785.png,0,"he's making a list, checking it twice gonna find out who's getting deported by i.c.e"
36,40257,img/40257.png,1,lgbt virus [gay zombie noises]
37,27864,img/27864.png,1,hey volks...im back ? did jew miss me ?
38,71038,img/71038.png,1,when all your troops are freezing in russia so you burn 6 million jews to keep them warm
39,89542,img/89542.png,0,enjoying a warm cup on a cold day
40,29056,img/29056.png,0,how do we destroy the patriarchy? it's simple. we eat it
41,96873,img/96873.png,0,"if you believe that, i've got fresh cattle to sell you"
42,31645,img/31645.png,0,the floor is jews
43,46509,img/46509.png,1,removes polish with chemicals nobody bats an eye removes polish with chemicals everybody lose his shit
44,4762,img/04762.png,0,scientist are working hard to cure them all
45,4387,img/04387.png,0,"sit down kids, i will now tell you how i met your mother"
46,52903,img/52903.png,1,throwing off a gay one with the boys
47,30296,img/30296.png,1,when the un adds another million to the holocaust death toll
48,45317,img/45317.png,0,i'm trying to decide if i should start some shit today or not
49,34680,img/34680.png,1,when she's says she only dates black guys
50,41860,img/41860.png,1,ok perhaps nigger
51,47596,img/47596.png,1,porki comment army in action against india
52,93428,img/93428.png,0,vote for the candidate who wants to kiss babies not kill them
53,69351,img/69351.png,1,hey muslim eat me!
54,95831,img/95831.png,0,who's down for a 3.5 way
55,9523,img/09523.png,0,we shall snort cocaine and have our assholes tongued by the angels
56,82461,img/82461.png,1,i hate when i see a black out in my neighborhood but i still offer my neighbors a candle
57,89267,img/89267.png,0,dishwasher is broken? then wash it by hand
58,75438,img/75438.png,0,"over 5,000 years of eating bread and in less than a decade everyone is allergic to gluten"
59,98754,img/98754.png,1,400 years of slavery rape and murder but now she loves him and hates her own men
60,63587,img/63587.png,0,"enemies. was i right?! surrounded by perverts and now, you are bankrupt, after wwii, i said 'we defeated the wrong enemy.'"
61,23459,img/23459.png,0,i don't understand your specific kind of stupid but i do admire your total commitment to it
62,4268,img/04268.png,1,guess which one is which? 1. transgender; 2. suicide bomber or 3. a floor lamp
63,32468,img/32468.png,0,be sure to spay or neuter your spouse today
64,76429,img/76429.png,1,fresh out of bradford bomb jovi
65,67581,img/67581.png,1,no one: white people when you nod at them:
66,29380,img/29380.png,1,all i want for christmas is 6 million
67,84527,img/84527.png,1,don't get me started about your tranny problems
68,72146,img/72146.png,0,here's to you obama! let's have a drink!
69,87936,img/87936.png,1,sandwich law: no sandwich is complete without bacon
70,48136,img/48136.png,0,meanwhile at the isis strip club
71,93286,img/93286.png,0,when your mom has to take a picture everywhere
72,78960,img/78960.png,1,you know like when the tv doesn't work you give it a hard hit and then its all better
73,53694,img/53694.png,1,"they kill gays, and women who go out in public without a male relative and are supported by democrats and liberals"
74,4328,img/04328.png,0,if only dogs could pick up after themselves
75,24918,img/24918.png,0,7 generations of check engine lights
76,35614,img/35614.png,1,how do you play taliban bingo? b-52..f-16...b-1..a-10
77,94506,img/94506.png,0,we cannot allow birth control we will run out of children to molest
78,83219,img/83219.png,1,"normal people: ""black squirrel"" me: ""squigga"""
79,56179,img/56179.png,0,from no child left behind to no child left alive
80,41538,img/41538.png,1,im long and strong and down to get the goat hump on
81,68450,img/68450.png,0,"""she said ""i want a ring"" i said ""bitch take your phone off silent! """
82,70396,img/70396.png,0,sometimes i crunch up my jizz when it dries then i bring the white powder to parties and watch people snort my cock sand
83,23875,img/23875.png,0,the feeling of the first dance
84,51680,img/51680.png,0,when i grow up i'm going to blow up
85,46075,img/46075.png,1,i wonder what kind of sandwich she is building. oh
86,71826,img/71826.png,1,"white people dont shoot eachother in the streets like black people do we do it in schools, because we have class"
87,47528,img/47528.png,1,i won a gift certificate to a tanning salon
88,5863,img/05863.png,1,hello brother wait is that a shotgun?
89,65103,img/65103.png,0,mornings be like
90,30128,img/30128.png,0,when your girl is crazy and she finds your side chick
91,34106,img/34106.png,0,when all your army's peaceful solutions fail you know what our problems require special forces' unconventional solutions
92,52918,img/52918.png,1,she's to young when you have to make the airplane noise to get your cock in her mouth
93,59048,img/59048.png,0,when the aux lead comes out during a fire tune oh fuck put it back in!
94,18074,img/18074.png,1,hide and go seek champion july 6 1942 - august 4 1944
95,91765,img/91765.png,0,"hurry up son, you have to peddle faster!"
96,50278,img/50278.png,1,"""women have the will of an adult but have the mind of a child."""
97,4162,img/04162.png,0,one of the most brillant minds in science
98,80162,img/80162.png,0,it took you 10 minutes to get home google maps says it takes 8. who is she?!
99,17290,img/17290.png,1,when my autistic son finds out we're having chicken for dinner
100,74968,img/74968.png,1,i like to hit on women with black kids because i can guarantee they're single
101,93024,img/93024.png,0,liquor stores ask for photo id they're trying to keep people of color from drinking!
102,8793,img/08793.png,1,that's black people for ya what did you expect
103,83905,img/83905.png,0,i wish i could stand by you!
104,74890,img/74890.png,1,when the dishwasher isn't working properly and you have no tecnical knowledge whatsoever so you just decide to talk to it and hope it starts working good luck
105,29813,img/29813.png,1,removes polish with chemicals nobody bats an eye removes polish with chemicals everybody loses his shit
106,64153,img/64153.png,1,ancestry.com the results are in
107,71659,img/71659.png,1,no mommy nig i've no idea who did it
108,57618,img/57618.png,0,kanye west? we lost some good men there
109,59862,img/59862.png,1,it isn't islamophobia when they really are trying to kill you
110,27405,img/27405.png,1,halal... is it meat you're looking for?
111,65432,img/65432.png,1,rare photo of two us soldiers held up in japanese war camp
112,37426,img/37426.png,1,illegal aliens should be america's number 1 export
113,47918,img/47918.png,1,black people when they get pushed too far white people when they get pushed too far
114,94678,img/94678.png,0,no one: steven hawking
115,94108,img/94108.png,0,the mighty liberal army ready to fight for socialism
116,61450,img/61450.png,0,"be fake, just to fit in i can't, my life was hard, i been through to much""real"" shit"
117,21569,img/21569.png,1,"esther, you so ugly, i'm gonna take yo face and stamp out sum gorilla cookies"
118,60592,img/60592.png,1,it's hard to be first class when you're white trash
119,81947,img/81947.png,0,symbol of stupidity
120,78401,img/78401.png,1,friends house and he when you at your white starts stabbing his parents only the dead can know peace from this evil
121,90842,img/90842.png,0,what in the f*ck is almond milk? it's milk! show me the tit on an almond
122,74562,img/74562.png,1,this old ass honky is a porch monkey 4-life you look at my woman step off johnny law
123,42039,img/42039.png,0,japanese citizen watches as nuke drops on the 9th of august 1945 (colorized)
124,10574,img/10574.png,0,"last year tyrone got a new job, started building his credit, and spending more time with his kids then something amazing started to happen!"
125,61420,img/61420.png,1,keeping your dishwasher clean  will make it last longer
126,52479,img/52479.png,1,best thing about an ethiopian blowjob?...  you know shes gonna swallow!!! well it's true
127,47385,img/47385.png,0,yall got any more a them cracka ass crackas?
128,48051,img/48051.png,1,"bitch, please! i don't i've got to go wanna get blow myself up tomorrow! married! islam - none of it makes sense"
129,61935,img/61935.png,1,woman are supposed to be like butterflies beautiful to look at and hard to catch. yall are acting like a bunch of mosquitos
130,46580,img/46580.png,1,if you find talk in the locker room to be offensive you have obviously never heard the talk in a restaurant kitchen before
131,5917,img/05917.png,1,stephen hawking reincarnated as a chair
132,17390,img/17390.png,0,"when someone starts acting all friendly, but you already know what they really are"
133,60257,img/60257.png,1,every man needs a decent coffee maker
134,60718,img/60718.png,1,do i have to unbury hitler so he can show you how a fucking oven works ?!?!
135,93687,img/93687.png,0,amsterdam red light district isalamabad red light district
136,98157,img/98157.png,0,when the weekend hits vs. monday morning
137,19370,img/19370.png,0,"""blue power tie red power tie white power tie"""
138,53289,img/53289.png,0,when everybody's worried about their ex but you're just here enjoying your lemonade
139,46785,img/46785.png,0,turn for what?
140,72541,img/72541.png,0,when you got a warrant out for your arrest
141,19758,img/19758.png,0,my religion is the religion of peace if you don't believe in it we will kill you
142,92314,img/92314.png,1,the difference between you and hitler at least hitler could use an oven
143,27608,img/27608.png,0,ilhan omar a powerful woman of color
144,21950,img/21950.png,1,first gay pride parade! can't wait! making history
145,49670,img/49670.png,1,covers his wife from head to toes because sexual thoughts are satanic blows himself up because someone promised him72 virgins to f*ck with
146,56183,img/56183.png,1,traps are just flat chested futas
147,6539,img/06539.png,0,excuse me! anyone can wear a dress!
148,76148,img/76148.png,1,hello mengele i think one of your experiments has escaped
149,57148,img/57148.png,0,automatic tranny rebuilt tranny blew a tranny
150,26184,img/26184.png,1,i like pizza cause it doesn't scream when i put it in the oven
151,72514,img/72514.png,0,when each letter is a mental disorder
152,9768,img/09768.png,1,whats black and screams? harvey price answering the iron
153,35264,img/35264.png,0,i like your cologne what is that? tricare? deers
154,25178,img/25178.png,1,muslims have sex with goats wipe their asses with their hands and drink camel piss but i'm the unclean one !
155,42398,img/42398.png,0,"chase you? bitch please, i dont even chase my liquor"
156,16587,img/16587.png,0,tham that's methed up!!
157,73604,img/73604.png,1,i can't leave my light beer alone in the fridge witht he dark one anymore
158,46837,img/46837.png,0,leftist logic: it's bad for russia to interfere in our elections.. ...but it's ok for illegal immigrants to vote
159,7685,img/07685.png,1,"*when i finally snap and actually kill myself after years of saying ""i wanna die""* my friends: you did it. you crazy son of a bitch, you did it"
160,86250,img/86250.png,1,the only time you can hang out with 2 dirty hookers and a tranny
161,58247,img/58247.png,1,handjob sold separately
162,8251,img/08251.png,1,the name's todd... retodd
163,49671,img/49671.png,1,"""you bro ask the c.o. why he ain't pop my door"""
164,18640,img/18640.png,1,"blacks are the only race to practice, ""love your enemies!"" no other race practice's it more in the name of religion look at the condition of their people and look at the condition of blacks"
165,73561,img/73561.png,1,understanding terrorism: ilhan omar democrat represents muslims fanatical muslim terrorist represents all muslims
166,47320,img/47320.png,0,"""the person who learned the most about the mueller report today was bob mueller."" trey gowdy did mueller just sign the report?"
167,9572,img/09572.png,1,"all men are animals baby, some just make better pets than others"
168,76821,img/76821.png,0,everyone should have exercise in their day to day schedule
169,86041,img/86041.png,0,obama voters
170,8147,img/08147.png,0,when you are back home from cheating
171,12750,img/12750.png,0,hope you had fun investigating me now it's my turn
172,53280,img/53280.png,0,my dog loves the attention
173,14083,img/14083.png,1,racing for pink slips in south africa
174,70613,img/70613.png,0,"to all of you that are constantly in my notifications, liking and sharing my posts it doesn't go unnoticed you fuckers are awesome"
175,96475,img/96475.png,0,my husband is always pushing me around.... and talking behind my back
176,71083,img/71083.png,0,i once dumped a cross eyed chick thought she was seeing someone else
177,71925,img/71925.png,0,confirmed lynch told the fbi to drop the investigation against hillary
178,91750,img/91750.png,1,what's black on top and white on bottom rape
179,59621,img/59621.png,1,"lets see if this is considered dark honey,you killed a butterfly. no butter for you for a month dad i also killed a cockroach today. nice try.."
180,37419,img/37419.png,0,when the turbulence in the plane gets intense
181,6315,img/06315.png,1,solution to mexicans paying for the wall leave all the illegals hanging around the border
182,25137,img/25137.png,0,"you find it offensive, i find it funny... that's why i'm happier than you"
183,70368,img/70368.png,1,"i want my 72 virgins to be 66 goats, 5 boys and 1 bi-curious donkey"
184,91356,img/91356.png,1,"women are like volcanoes. both stay calm for extended periods of time before exploding and killing everything in their path then, they're calm, again"
185,24380,img/24380.png,0,when your dishwasher is ready for another load
186,2413,img/02413.png,0,"women ask for equal rights, and this is why"
187,43857,img/43857.png,0,that's why we bomb you
188,76581,img/76581.png,1,white people: all asians look the same also white people:
189,41873,img/41873.png,1,bitch please go back to england
190,45281,img/45281.png,1,no woman commits suicide of they fail to find broke guy for marriage
191,84059,img/84059.png,1,"trans women are women, trans women are women, trans women are women, trans women are women, she still gotta get a prostate exam at 40 tho"
192,86024,img/86024.png,1,when your boss volunteers you for the next suicide bombing
193,41539,img/41539.png,0,influence elections? you mean like encouraging illegal immigrants to vote?
194,18490,img/18490.png,0,the rosenbergs were executed 1953 for selling nuclear secrets to russia the clintons actually sold nuclear material for development of weaponsto russia
195,78624,img/78624.png,0,the look you get when your in the wrong neighborhood
196,32615,img/32615.png,0,when black people make white jokes when white people make black jokes
197,92513,img/92513.png,0,"yes, ilhan omar is anti-semitic and anti-american but she is on our side"
198,70592,img/70592.png,1,manual tranny automatic tranny rebuilt tranny
199,78931,img/78931.png,0,when it's spring cleaning time but you rather sleep
200,68579,img/68579.png,0,"we don't always die, but when we do, we don't"
201,28019,img/28019.png,1,they want this not beause they love you they need to mix breed to preserve their species
202,71963,img/71963.png,1,president trump is saying he will close the border. just do it! americans first! illegals are like sperm. thousands get in.. only one works!
203,43517,img/43517.png,1,"when you hear 'em yelling that allahakbar crap, just shoot 'em before they blow up a bomb, or start stabbin' and shootin' people"
204,67214,img/67214.png,1,"""do you have a moment to talk about bacon?"""
205,20759,img/20759.png,1,this steak is so black it stole my television
206,45023,img/45023.png,0,my wife's sister tried to kill me yesterday... what kind of sick bitch puts chloroform on her dirty panties?
207,63078,img/63078.png,1,"when you fuck a black guy cuz you thought they all had big dicks, but it was small, and now your purse is missing"
208,42015,img/42015.png,0,wow they are upset
209,67109,img/67109.png,1,"#lagostoibadan men are scum, men are scum but you still go 154km for cum"
210,49810,img/49810.png,0,embrace the freedom of speech
211,20187,img/20187.png,0,when karen helps u camouflage the crackhouse
212,10943,img/10943.png,1,how women win an argument
213,34927,img/34927.png,1,who's down for a 3.5 way
214,20951,img/20951.png,1,we had a minor gas leak
215,86273,img/86273.png,0,"open carry when you're too much of a coward to enlist, yet you want to intimidate.people by playing army"
216,46138,img/46138.png,1,"they had us in the first half, not gonna lie honey, having a small dick is not a big deal i know it darling, but i'd prefer if you did not have any"
217,67084,img/67084.png,0,creeps into your childs room empties his sack
218,13976,img/13976.png,1,this is why no one likes black people
219,46358,img/46358.png,1,with when you enter a mosque your weapon to collect some kills 71 yo afghan refugee: hello brother
220,47032,img/47032.png,0,"much butthurt, i sense in you"
221,51726,img/51726.png,1,racing for pink slips in africa
222,12648,img/12648.png,1,the look on his face when he discovers the blood from ahmed raping his virgin daughter
223,93614,img/93614.png,0,"i'm sorry i left the seat up, it won't happen again"
224,81305,img/81305.png,1,isoroku yamamoto: i just attacked pearl harbor hitler: what why would you do that? isoroku yamamoto: i'm gonna be honest...i'm kind of retarded
225,26497,img/26497.png,0,people will do shit like this but lock their door when someone sketchy walk by
226,62571,img/62571.png,1,who said that women can't park
227,35271,img/35271.png,0,you knew i was a snake when you let me in
228,20968,img/20968.png,1,all men are dogs.. so which breed is your dad?
229,1568,img/01568.png,1,do you think a terrorist has or could infiltrate our goverment ???
230,48790,img/48790.png,0,this makes me puke send all of them back home
231,28134,img/28134.png,1,why do white people smell like bologna?
232,14236,img/14236.png,0,when you told her you was going to fuck her till she was stupid & she didn't believe you now she's like..
233,45806,img/45806.png,1,white people after they put the divider in between your groceries
234,5231,img/05231.png,0,the name's bob... bob
235,26095,img/26095.png,0,when you're going 90 mph in a school zone and the pre-schoolers are crossing the street this is where the fun begins
236,10259,img/10259.png,0,they stole ma chickin i stole their life
237,69134,img/69134.png,1,my momma always said your a white trash whore
238,87914,img/87914.png,0,when you're 15 and you're just now learning how to ride a bike
239,35064,img/35064.png,0,thats a makeup artist for you. what did you expect?
240,6218,img/06218.png,0,thats a little savage
241,20819,img/20819.png,0,after a hard day of work mohammed is very tired
242,68745,img/68745.png,1,i'm a gnigger and you've been robbed
243,59238,img/59238.png,1,where do you work jobs iz for suckas kfc pimpin hoes this is a racist meme!
244,94325,img/94325.png,0,"i don't always listen to the 80's.... but when i do, so do the neighbors"
245,57469,img/57469.png,0,when she throws on your sweater while you're at her house
246,37059,img/37059.png,0,after goat herding mohammed is very tired
247,54613,img/54613.png,0,wtf is with this guide dog? i keep ending up at kfc
248,12489,img/12489.png,0,welcome to europe our government told us that diversity makes us stronger and we should adopt their culture
249,25709,img/25709.png,0,anne frank smiling
250,47981,img/47981.png,0,i hate snow its cold
251,21637,img/21637.png,1,this one time at camp we got so baked
252,83927,img/83927.png,1,'' i'm gonna be a tranpa!
253,64839,img/64839.png,1,run forrest!!! run!!! :d
254,35168,img/35168.png,0,waiting for your girl oustide her house
255,3678,img/03678.png,0,lock her up and throw away the key
256,71429,img/71429.png,1,when a white person tells you happy cinco de mayo but you know deep in their heart they want you deported. f u c k e r
257,70196,img/70196.png,1,you boys ever played hot potato
258,32490,img/32490.png,1,"me giving nicknames to men who have wasted my time: we will call you, ""almost."""
259,56841,img/56841.png,0,not all of us are terrorists but all terrorists are one of us
260,43180,img/43180.png,1,beating things to make them work again
261,82094,img/82094.png,0,teacher asked what comes after a sentence told her an appeal
262,73598,img/73598.png,0,that moment when she realizes those guarana's & tequila were'nt free
263,90654,img/90654.png,0,when you think its friday and its only tuesday
264,81296,img/81296.png,0,a tragedy
265,72984,img/72984.png,1,slice and dice n1gg3r
266,19543,img/19543.png,1,whats the difference between boy scouts and jews? boy scouts come back from camp
267,74362,img/74362.png,0,when someone asks me to remove a picture because they're offended
268,42078,img/42078.png,1,the father of christianity pagan sun-worship constantine
269,98762,img/98762.png,0,child in poverty with empty water jug
270,42319,img/42319.png,0,"chelsea clinton.. so ugly that when she gives head, it counts as anal"
271,86145,img/86145.png,0,"what if i told you my ancestors came here after 500,000 soldiers died to end slavery and i'm not paying one damn red cent"
272,84965,img/84965.png,1,"a tranny goes to profile opens inbox ""lemme suck your dick"""
273,86593,img/86593.png,0,farming simulator 17
274,89450,img/89450.png,1,nice tes content nigger
275,80513,img/80513.png,0,"put'n the ""ham"" in mohamed"
276,27318,img/27318.png,0,over heard my daughter telling her friend she was curious what it would be like to date a black guy so ... i showed her!
277,47601,img/47601.png,1,the difference between moderate muslim and radical muslim follow my allah or i kill you! radical muslim follow my allah or he kill you moderate muslim
278,83756,img/83756.png,0,drive very cautiously on this road of life because folks will turn on you with no signal
279,98530,img/98530.png,1,get the hell out muslim! you are not wanted here !!!
280,53147,img/53147.png,1,immigrants illegal aliens
281,31657,img/31657.png,1,ain't no allah back girl
282,35091,img/35091.png,0,with black power comes no responsibility
283,30286,img/30286.png,0,had to get wisdom teeth removed i guess you shouldn't have been such a smart mouth
284,10792,img/10792.png,0,guys what the fuck what the actual fuck
285,29036,img/29036.png,1,chinese people be like happy thanksgiving
286,35289,img/35289.png,0,historical spacecraft explosion
287,41087,img/41087.png,0,"when i see people who post ""punch a nazi"" in person. im a nazi, gregg are you gonna punch me???"
288,63124,img/63124.png,0,"""never forget"" -you said.. i am the proof you have forgotten"
289,86750,img/86750.png,1,trump: muslims should wear special id badges great idea
290,80576,img/80576.png,1,black people anything thoat doesn't belong to them
291,64721,img/64721.png,1,danish bacon ... it's gonna rock your world
292,94015,img/94015.png,1,a great way of serving your country
293,1348,img/01348.png,0,meanwhile at the isis strip club
294,51073,img/51073.png,0,when you call shotgun but the cops put you in the back anyways
295,59301,img/59301.png,0,when everyone loves your beautiful smile
296,71849,img/71849.png,1,when you've finished with your life of crime
297,93168,img/93168.png,0,my girlfriend is a porn star she is going to be so pissed off when she finds out
298,42376,img/42376.png,0,string on anal beads broke this should be a fun day
299,56130,img/56130.png,0,i'm wanty... not needy huge fucking difference
300,51403,img/51403.png,1,when you see the gas bill
301,9547,img/09547.png,0,if being a racist means i don't want my country turned into a pile of rocks & and goatshit ruled by a barbaric cult then i'm a racist
302,73508,img/73508.png,0,"""democrats have a difficult time connecting with voters because of how smart we are... because we know so much."" ~ sen. mazie hirono (d hi"
303,14953,img/14953.png,0,"the pope flies to greece to tell christians to love muslims i'm just curious, why doesn't he fly to iraq"
304,30489,img/30489.png,1,"""so then i was going to tell a princess diana joke"" ""but that would have crashed and burned """
305,3421,img/03421.png,1,"when you shoot up the school and somebody else gets blamed for it we stand here amid my achievement, not yours!"
306,30872,img/30872.png,0,people who speed why should i slow down?
307,65273,img/65273.png,1,only israelis can knocks the teeth out of a 6 yr old girl
308,13875,img/13875.png,1,i see a cat let's get it for lunch
309,47031,img/47031.png,1,beer -vs- woman at least the beer can't change its mind after you get its top off
310,68325,img/68325.png,1,"it happend mom, a black guy gave me complement ohhh sweety i'm so sorry. that means you need to lose about 30 pounds"
311,5148,img/05148.png,1,the hardest part of breaking up with a japanese girlfriend is having to drop the bomb on her twice before she gets it
312,15642,img/15642.png,1,"""you wouldn't stop me if i was a polar bear."""
313,37825,img/37825.png,1,stop confusing illegal aliens with immigrants
314,28637,img/28637.png,0,"instead of being ""born again"" why not just grow up?"
315,30764,img/30764.png,0,are we there yet
316,2548,img/02548.png,0,oi are you looking at me?
317,90582,img/90582.png,0,worst pijama party ever
318,58327,img/58327.png,1,fidget spinner for woman
319,93671,img/93671.png,0,no. no man. shit no man. i believe you get your ass kicked saying some sumthin like that man
320,83216,img/83216.png,0,you know it's going a be a serious blow job when he puts his hair up in a manbun
321,10857,img/10857.png,0,how do you know when this prick is lying? the sphincter under his nose is moving
322,9215,img/09215.png,0,me: wanna watch porn or golf? her: porn. you already know how to golf
323,46310,img/46310.png,1,when your days are numbered but you can't count
324,48125,img/48125.png,1,"damn it john, leave stevie alone"
325,50397,img/50397.png,1,all muslims are terrori but all terrorists are muslim
326,6534,img/06534.png,0,sorry white guys but i only date black guys
327,10385,img/10385.png,0,when he's muslim and asks you to role play
328,94068,img/94068.png,1,hating the jews is a great honor for me and it makes me walk with my head high
329,75920,img/75920.png,0,"when your girl is on her period but she offers anal as an alternative into the garbage chute, flyboy"
330,98734,img/98734.png,1,things white people do fuck their family members mass shootings smoke meth steal from blacks suck at sports fuck animals lie about being racist
331,69054,img/69054.png,0,when your crush says love girls who smoke
332,86023,img/86023.png,1,stop using other's cultures to fill up your empty white settler soul
333,3794,img/03794.png,1,tranny jesus died for your eyebrows
334,3189,img/03189.png,0,"if a man wants you, he will come and get you"
335,71398,img/71398.png,0,"hundreds have gathered at a volkswagen owners meet up according to nasa, the glow from their check engine lights could be seen from space"
336,86912,img/86912.png,1,they say a woman's work is never done maybe that's why they get paid less
337,20374,img/20374.png,1,new zealand: dozens dead in mass shooting usa: -first time?
338,72318,img/72318.png,1,"trayvon martin update ever since he turned white, he stopped being a criminal"
339,43725,img/43725.png,1,auditioned for jazz band not enough soul
340,67894,img/67894.png,0,what's the difference between a jew and a pizza a pizza doesn't scream in the oven
341,5483,img/05483.png,0,the only thing more vile than the attitude of these anti americans.. is the absolute ignorance of the delusional people that voted for them
342,94815,img/94815.png,0,when did you two get married again?
343,64918,img/64918.png,0,we're his kids and he hasn't returned yeah this makes sense
344,80735,img/80735.png,0,if there's no one to hold your hand put your hands in your pocket and continue
345,45208,img/45208.png,0,when your vegan boyfriend tries to change a flat tire
346,70169,img/70169.png,1,diversity is our greatest strength
347,7865,img/07865.png,1,a real man... loads the dishwasher every night!!
348,54019,img/54019.png,0,where is the pinata?
349,85920,img/85920.png,1,u want some fuk hey dear i love u show me ur pussy u are beauty
350,15290,img/15290.png,0,romanians when they see a slightly open purse/pocket/window
351,17369,img/17369.png,0,the deep-state is about tobe barr-becued
352,98573,img/98573.png,1,"six years kid: i want to be an architecht, when i grow up cancer: i'm about to end this man's whole career"
353,50142,img/50142.png,0,2017 the year of the triggered left
354,36840,img/36840.png,0,when you realize you put your dick in crazy
355,69530,img/69530.png,0,jews had to have stars sewn on to their shirts in order to identify them during the holocaust
356,20956,img/20956.png,0,literally just a photo of the 1924 democratic convention
357,67190,img/67190.png,0,a fire cracker
358,4986,img/04986.png,0,the enemy within linda sarsour ocasio-cortez rashida tlaib ilhan omar
359,87946,img/87946.png,0,large big mac no ice
360,5437,img/05437.png,0,this could be us but you keep escaping
361,2561,img/02561.png,1,"we are coming to america one way or another! we will rape, pillage, & reap havoc riot on your nation while stealing your welfare"
362,8761,img/08761.png,0,mental health is important
363,42813,img/42813.png,0,they want this not because they love you they need to mix breed to preserve their species
364,90321,img/90321.png,0,people gather for eid al-fitr praying
365,30982,img/30982.png,0,they probably arguing over some little shit
366,90413,img/90413.png,1,we '' protect pedophiles from being prosecuted
367,8743,img/08743.png,0,"if you see me in public looking a hot mess, just know; my bills are paid, my children have food, & i ain't trying to impress you"
368,19438,img/19438.png,0,"when dudes try to be funny at the club i'm sorry, is this some sort of peasant joke that i'm too rich to understand?"
369,48192,img/48192.png,1,white people cracker power the only race you can legally discriminate against!
370,26894,img/26894.png,0,"hmmm, that new wife smell"
371,56891,img/56891.png,1,"i don't always go to black peoples garage sales, but when i do, it's to get my stuff back"
372,6739,img/06739.png,0,"i don't usually act like an asshole... ...but when i do, i'm probably fucking with someone from the shallow gene pool"
373,72510,img/72510.png,0,"if you see me in public looking a hot mess, just know; my bills are paid, my children have food, & i ain't trying to impress you"
374,51489,img/51489.png,0,did you know that the chinese eat dogs disgusting savages
375,90625,img/90625.png,1,found a picture of your mother's womb
376,71308,img/71308.png,0,looking for peace praying for peace
377,69415,img/69415.png,0,squad goals
378,98203,img/98203.png,1,when god grants you a child after 20 years of your marriage and israel bombs him few years later
379,7956,img/07956.png,1,when you find out there's an opening for the role of chewbacca
380,69174,img/69174.png,0,this was the text i sent my sister fwd this to 10 ppl or u will die in a car crash before she died in a car crash
381,38402,img/38402.png,0,running away from racism like:
382,25716,img/25716.png,1,when you're a complete piece of trash but sheeple still like you because you're black
383,25634,img/25634.png,0,google glass locate kfc
384,39185,img/39185.png,0,"next time you're having a bad day, think of this squirrel"
385,76524,img/76524.png,1,damn jews with their fancy strollers
386,85930,img/85930.png,1,silence female retard
387,37186,img/37186.png,0,starving mexican monkey eating peanuts
388,42309,img/42309.png,1,"we're new, bold, and we hate you! we hate whites, jews, christians, conservatives, republicans, & patriots"
389,29851,img/29851.png,1,how dark is your humor? me:
390,94823,img/94823.png,0,obama voters
391,76293,img/76293.png,0,"if anything can acheive world peace, its bacon"
392,69085,img/69085.png,1,i hate women so much i'm not even joking bro
393,43852,img/43852.png,0,when mom calls you by your full name
394,6483,img/06483.png,1,"one day, long, long ago, there lived a woman who did not whine, nag or bitch. but it was a long time ago, and it was just one day. ~the end~"
395,92450,img/92450.png,0,to bad i don't speak peasant .!
396,63104,img/63104.png,0,i did the math we can't afford the cat
397,38714,img/38714.png,0,on a scalefrom 1 to 10 how much do you like kissing
398,8219,img/08219.png,1,"i make everyone the way they are oh, you're gay? i'm going to burn you in hell for eternity"
399,76045,img/76045.png,1,north american pavement ape
400,71236,img/71236.png,0,"dark humor is like hitler some people call it wrong, but i find it completely justified"
401,80627,img/80627.png,0,the best way to get through life is to keep on smiling
402,50187,img/50187.png,1,call of duty mosque edition
403,98276,img/98276.png,1,the first annual mohammed-a-thon
404,17345,img/17345.png,1,hello my lgbtq+ friends it's pride month so free shots for everyone!
405,37416,img/37416.png,1,influence elections? you mean like encouraging illegal immigrants to vote?
406,27603,img/27603.png,1,wear a full burqa and nobody says anything change the cloth to white and everyone loses their mind
407,76158,img/76158.png,0,when the un adds another million to the holocaust death toll ''
408,31925,img/31925.png,0,see? i fuckin told you a little foil on top keeps them jewsy medium rare is best
409,92870,img/92870.png,1,"all i want to do is move to your country, rape your women, bomb your buses, ripot in your streets and demand that you accept my religion why can't you be more tolerant?"
410,31496,img/31496.png,1,ultimate terrorist lure position decoy and wait
411,81403,img/81403.png,1,when someone tells me women must serve men
412,65491,img/65491.png,1,by allah you had better say islam is a religion of peace or i'll kill you!
413,93275,img/93275.png,0,i'm this pretty because both my parents are white
414,96510,img/96510.png,1,"mexican word of the day: wheelchair. ""me and juan only had one taco but that's ok, wheelchair."""
415,81294,img/81294.png,1,lmco laugh my cock off
416,97058,img/97058.png,1,doctor: take this medicine after food african kid:
417,48173,img/48173.png,1,men are pigs some just oink louder than others
418,37924,img/37924.png,1,49 people were killed at christ church 49 people were killed at christ church mosques muslim muslim
419,86135,img/86135.png,0,need a job? the democrat party is hiring no experience or intelligence required
420,61345,img/61345.png,0,im gonna be a woman
421,48623,img/48623.png,1,what is the difference between a hockey player and a feminist? a hockey player will shower after three periods
422,96034,img/96034.png,0,i'm just here for the boobs
423,96801,img/96801.png,1,"my wife asked me what the female version of a ""man cave"" would be i told her it's called ""a kitchen"""
424,32570,img/32570.png,0,women deserve equal rights and support
425,16480,img/16480.png,0,israel we're coming for you next
426,83615,img/83615.png,0,"in the north they shovel snow, but in the south we shovel ashes"
427,25768,img/25768.png,0,don't let a disability stop you from being a sportsman
428,20154,img/20154.png,1,i hate snow its white and on my land
429,32867,img/32867.png,0,it's not because you're muslim anti-semitic anti-america
430,56180,img/56180.png,0,my little brother ate all the scrabble tiles... sense than alexandria ocasio-corte ton and his shit makes more sense than alexandria ocasio cortez
431,15630,img/15630.png,0,i'll never forget who did this no matter how much facebook defends them
432,38409,img/38409.png,0,starving mexican man eating peanuts
433,50489,img/50489.png,0,the face you make after you just finished your morning prayer
434,65829,img/65829.png,0,"about these ""russians"", do you see them often? are they in the room with us now?"
435,51846,img/51846.png,0,doesn't wear tampons because she trips over the string
436,14675,img/14675.png,0,the media calls them refugees but this is what you will get
437,36240,img/36240.png,0,happy age advancement day i suppose congratulations are in order?
438,39528,img/39528.png,1,dishwasher: *not working* me: *hits it too get it too work* everyone else at my wife's funeral:
439,47128,img/47128.png,1,hahaha good one let's throw a jew in the oven to celebrate
440,61890,img/61890.png,0,me posing for the paparazzi like
441,61502,img/61502.png,1,when you raid area 51 to find aliens but all you find are mexicans
442,15892,img/15892.png,1,womens day gift packs
443,8173,img/08173.png,1,i may not be a smart man ilhan but i know what a jew-hating islamist sounds like
444,93728,img/93728.png,1,dirty immigrant scum
445,91075,img/91075.png,1,when you stop burning jews and start burning calories
446,25067,img/25067.png,1,rise of the planet of the apes (1963)
447,24630,img/24630.png,0,did you hear that ? smells right ? lmao
448,60938,img/60938.png,1,straight pride! becasue the human race will go extinct otherwise
449,1943,img/01943.png,1,person i chase: *shows clear signs he doesn't want to do anything with me* me: i'm gonna pretend i didn't see that
450,51734,img/51734.png,1,when you're shooting up the school and the cops shoot the black kid that's running away
451,2974,img/02974.png,1,"it might look fucked up, but her handjobs are fucking unbelievable"
452,41853,img/41853.png,0,shes got them summer teeth summer here summer missing
453,79681,img/79681.png,0,"hahahaha this sucks, man"
454,80241,img/80241.png,0,"we are no longer a christian nation whatever we once were ""the future must not belong to those who slander the prophet of islam "" """
455,17430,img/17430.png,1,sooo gorillas really are humans
456,46870,img/46870.png,1,*violently hitting your favorite punching bag* the other $20 crack whore
457,95087,img/95087.png,1,good things small packages
458,93471,img/93471.png,0,when you haven't stolen for over 2 weeks.
459,30248,img/30248.png,0,have you ever noticed the only time republicans smile is when they are taking away things from the american people?
460,32405,img/32405.png,0,"and in this corner, weighing in at 140 lbs"
461,29684,img/29684.png,0,"it's not immigration, it's not asylum seeking it's an invasion!"
462,1642,img/01642.png,1,this would be racist if black people could read
463,6871,img/06871.png,1,"abdul, you moron! i said ""bag the oat and wheat""! not ""shag the goat meat""!"
464,20643,img/20643.png,0,when you're about to play with yourself but you can't stop thinking about that gorilla dream from last night
465,74951,img/74951.png,0,volkswagen cars produce more gaz than expected ach!! thats my car
466,92806,img/92806.png,0,"i guess it's all ok to demand that president trump release his taxes i received $16 billion in 2018 to fix my rat infested shithole district in west baltimore and i never did it.. asking me where the money disappeared to, makes you all a bunch of racists!!!! but i guess it's not ok to ask this guy what he did with baltimore's money"
467,2374,img/02374.png,0,"i don't always fuck midgets but when i do, i go balls deep"
468,84596,img/84596.png,1,isis glory hole
469,75839,img/75839.png,0,friendship is for everyone
470,37649,img/37649.png,0,when you fall face first in the mud
471,45930,img/45930.png,0,if you got your phone wet try leaving it in dry rice overnight it will attract asians who will fix your electronics for you
472,68472,img/68472.png,1,happy and stupid
473,32706,img/32706.png,0,illegal aliens are more american than american citizens. aoc 01/08/19
474,28096,img/28096.png,0,this is for all you nosey fuckers that only follow me to tattle on me. fuck you!
475,83095,img/83095.png,1,what!? no i am not asian '' ''
476,62158,img/62158.png,1,we've been at peace with japan since 1945 time to make peace with islam
477,40756,img/40756.png,1,tell me about american history? fuck i know about american history? i thought we wiped all those people out? i'm a european born in america
478,19406,img/19406.png,1,a muslim in congress wants to get rid of homeland security let that sink in
479,2519,img/02519.png,1,it's funny because he's fat!
480,3254,img/03254.png,1,"liberals: ""japan has gun control without issues, what makes you think it can't work here in the usa?"" me: (whispering) black people"
481,54697,img/54697.png,0,rashida tlaib said that her ancestors created a safe haven for jewish people fleeing wwii
482,7615,img/07615.png,0,i put the ape in rape
483,64291,img/64291.png,0,if jesus rode ass why do christians hate gay people?
484,71450,img/71450.png,1,i bit a muslim i had to lick my ass for an hour to get rid of the taste
485,40569,img/40569.png,0,thats a man baby
486,1547,img/01547.png,0,how mexicans be like... when they hear their friends kid is having a birthday party
487,34217,img/34217.png,0,we said we would never forget why are you voting them into our government?
488,23761,img/23761.png,0,this lady is not amused
489,84076,img/84076.png,0,when you're lonely and have no one to pull the anal beads out for you
490,19604,img/19604.png,1,gave my wife an orgasm ungrateful bitch spit it out
491,9352,img/09352.png,1,they will soon be extinct
492,85327,img/85327.png,1,"either we fuckin, or i'm fuckin"
493,15746,img/15746.png,0,our dad is potato farmer
494,83760,img/83760.png,0,you can tell that it's aspen tree because of the way it is
495,60789,img/60789.png,0,"musslamic democrat, ilhan omar, has threatened members of congress she's 's told several republicans that she'll send them ""shawarma"" to ""give them a taste of her culture"" share to say arrest her now!"
496,19647,img/19647.png,0,i grew up in a household where talking back got your ass whooped
497,47825,img/47825.png,0,your pug is cute as hell that's my son
498,89034,img/89034.png,1,transwoman yelling at me about the meme i made me wondering what this dude's problem is
499,71905,img/71905.png,1,"when yo finna play w/ yo self, then you think about yo dead relatives thats watching"
500,70649,img/70649.png,1,what's the hardest part of eating a vegetable? the wheelchair
501,24580,img/24580.png,0,"when you've had a rough day but you're trying to stay positive ""it's great. i'm great. everything's just great."""
502,13769,img/13769.png,0,my goal for 2018 is to accomplish the goals of 2017 which i should have done in 2016 because i promised them in 2014 and planned them in 2013
503,87453,img/87453.png,1,when you're hiding from a shooter in your school and the foreign exchange student keeps on crying american students: first time ?
504,8654,img/08654.png,1,never had one before . what? a room to yourself? a white bitch
505,54028,img/54028.png,1,wants to stone gay people to death dresses like a drag queen
506,96485,img/96485.png,1,what if i told you transgender is actually a mental illness called delusional psychosis
507,78534,img/78534.png,0,why does toilet paper need a commercial? who is not buying this?
508,4859,img/04859.png,1,arnold schwarzenigger i'll be black
509,83064,img/83064.png,1,the hollow coa$ter
510,7219,img/07219.png,0,a gorilla dreaming that she was kim burrell
511,61948,img/61948.png,1,when your little car bomber brings home his first girlfriend
512,67318,img/67318.png,0,asked for romantic sex sticks a lit candle up my ass
513,97361,img/97361.png,0,how do mexicans feel about trumps wall? they'll get over it
514,58426,img/58426.png,0,when there is no pinyata at the party but the emo kid just hung himself improvise. adapt. overcome
515,31479,img/31479.png,1,"the only ""perferred pronouns"" a tranny needs is ""it"" or ""thing"""
516,91563,img/91563.png,0,when a crack head ask for money for food and you hand them a cheeseburger bitch
517,43609,img/43609.png,0,this could be us right now but the fucking apocalypse got rescheduled again
518,65743,img/65743.png,1,mommy look! an indian man! don't look at them ricky. i don't want you to be influenced by...ohgodno rickyyy show bobs and vagene pls
519,82379,img/82379.png,0,there's so much white trash in this picture i barely know where to start!
520,48673,img/48673.png,0,"my empathy for the suffering in gaza does not make me anti-semitic, nor does it make me pro-hamas or anti-israel. it makes me human it makes you a shill accomplice for hamas and hezbollah terrorists! if you don't see that,.. it makes you stupid!"
521,91432,img/91432.png,1,"ever wonder if asians make fun of caucasians? ""look at me, i have peripherar vision. i speak engrish"""
522,21059,img/21059.png,1,"so, you think by being our sympathizer, this will somehow keep us from killing you? you are a special kind of stupid"
523,67802,img/67802.png,0,america sucks. conservatives are racists. rich people are evil. give me your money. the 2020 democrats!
524,7618,img/07618.png,0,protesting death to the middle east
525,32716,img/32716.png,1,how much did the holo cost
526,60214,img/60214.png,1,transgender nibbas waiting for the signal light to turn red so they can start begging
527,82450,img/82450.png,0,keep us safe from rats
528,89025,img/89025.png,1,is that guy fucking a goat god damit carl...he is
529,60439,img/60439.png,0,over 620 000 white people died to free black slaves so please lets cut the bullshit out - jf16
530,52714,img/52714.png,1,class! class! listen! daylight savings ends today you must move your clock bombs forward one hour
531,41206,img/41206.png,0,when you try to evade the school bell stampede
532,92481,img/92481.png,1,we have 3 apples. we give away 2 apples now calculate the radius on the bomb blast
533,79286,img/79286.png,0,been talking shit about trump since day one. now crying like bitches after getting called out
534,28610,img/28610.png,1,a head diaper is required when you have shit for brains
535,78541,img/78541.png,0,when a dog' s been bad when a cat's been bad
536,16954,img/16954.png,0,tag the little guy who thinks he can take on anyone
537,14950,img/14950.png,0,the enemy within ilhan omar linda sarsour ocasio-cortez rashida tlaib the enemy has infiltrated congress
538,50327,img/50327.png,1,whats th difference between dollars and jews? i'd give a fuck if i lost 6 million dollars
539,63845,img/63845.png,0,when you move away from india and find out you can't shit in the streets
540,67091,img/67091.png,0,"yeah bitches 6,000,000 kill streak"
541,74318,img/74318.png,0,oh my god... i'm never drinking again
542,51948,img/51948.png,0,the leader of north korea during a meeting
543,41908,img/41908.png,0,72 dead in syrian chemical attack ha... rookie numbers
544,94836,img/94836.png,0,when you think of a cute idea for maternity pictures
545,4639,img/04639.png,1,"the female body is a gentle, delicate flower except for the vagina. pound the fucking vagina"
546,40378,img/40378.png,1,"women are like parking spots usually, the best ones are taken... so when no one is looking-stick it in the disabled one"
547,19537,img/19537.png,1,*playing an old piano i found* the other jews in the attic:
548,42856,img/42856.png,1,who are you looking for? '' my white rich daddy! ''
549,17356,img/17356.png,0,nothing is stronger than love except a tiger ii
550,54812,img/54812.png,0,what in tranation is this contraption
551,96735,img/96735.png,0,i sexually identify as thomas the tank engine
552,83914,img/83914.png,1,obama voters
553,14072,img/14072.png,0,"during sex i suddenly stopped and didnt move she: ""what are you doing?"" me: ""hush bitch, i seen this on pornhub, its called buffering"
554,52469,img/52469.png,1,what's the difference between a jew and a pizza a pizza doesn't scream in the oven
555,73059,img/73059.png,1,"a phobia is an irrational fear a fear that muslims may be terrorists is not islamaophobia but a fear grounded in history, experience, and reality"
556,16947,img/16947.png,0,gangster gettig shot
557,58476,img/58476.png,0,how to cook turkey in usa how to cook turkey in romania
558,89043,img/89043.png,0,look! a beautiful muslim woman
559,72968,img/72968.png,0,wow! a dishwasher that can also clean your car
560,27986,img/27986.png,0,even i can see you're a cunt
561,90723,img/90723.png,1,every man needs a decent coffee maker
562,61205,img/61205.png,1,nana addo 2016 compare the difference
563,94067,img/94067.png,1,i'm a firm believer in the seperation of islam and the planet
564,70936,img/70936.png,0,everybody having kids /getting engaged and i'm over here like
565,61732,img/61732.png,0,british judges wear wigs to avoid from being identified by criminals
566,82697,img/82697.png,1,when you catch your goat with another man ya done fucked up
567,59682,img/59682.png,0,1 plus 1 equals 57 it dosent well fuck u
568,98416,img/98416.png,0,this is really out of mein kampfert zone
569,30546,img/30546.png,1,white people be like: outside inside
570,23570,img/23570.png,0,"no means no, unless she's dyslexic then it's on"
571,23954,img/23954.png,0,senator for 36 years vice president for 8 blames trump for america's s problems
572,74053,img/74053.png,1,me and styrofoam... yup...both white trash
573,94512,img/94512.png,0,"happy birthday and believe me, no one can wish you a better happy birthday than me"
574,85902,img/85902.png,0,"black peopple started wearing their pants low, white people called it ""saggin."" it has become a form of expression through fashion"
575,3845,img/03845.png,1,rev al sharpton that gorilla was 17 black and unarmed
576,56438,img/56438.png,0,under the name of multiculturalism we let terrorist into this country
577,92473,img/92473.png,0,"opens inbox ""lemme suck your dick"" goes to profile its a tranny"
578,94278,img/94278.png,0,stop it! i'm trying to work with dishwasher
579,63285,img/63285.png,1,"he's like 20 and still plays video games bitch please, yall 15 and pregnant"
580,29816,img/29816.png,0,woman badly injured in fight
581,57814,img/57814.png,0,helping a child in need
582,37895,img/37895.png,1,did you know your dishwasher is also capable of washing your motorcycle?
583,35602,img/35602.png,1,"""we asked 100 normal people what do you associate with islam?"" terrorism 28 paedophilia 25 hate preaching 20 unwelcome invaders 10 excessive breeders 7 goat fuckers 5 i think the missing answer is peace? if it's there i'll give you money myself"
584,19380,img/19380.png,1,when you walk past the special ed classroom and see them gangbanging the teaher (jazz music stops)
585,56931,img/56931.png,0,when you take halloween a little too seriously
586,75086,img/75086.png,1,the i don't listen well barbie. comes with the stove she should've been using
587,57042,img/57042.png,1,go trump maga white power 2020 kill every race we don't want them fucking our white women
588,62739,img/62739.png,0,lmao laugh my ass off
589,37809,img/37809.png,0,now that's what i call koality
590,18350,img/18350.png,0,when you see the gas bill
591,67309,img/67309.png,1,deport illegal immigrants? let's start with white people
592,19582,img/19582.png,1,if you could kick an obama in the nuts which would it be?
593,50723,img/50723.png,1,i will lie. i will sleep with anyone. i will attack sexual perverts like joe biden in my own party to get ahead! i will let illegals murder americans. i will let newborns be i want to be your comfortable and executed president!
594,96354,img/96354.png,1,why do asians have eyes like this? isn't it hard to see?
595,98023,img/98023.png,0,be greatful for the clothes you wear
596,75403,img/75403.png,0,no difference between both
597,62178,img/62178.png,1,"the best part about fucking a chemo patient... you don't have to pull out. even if she survives, the baby won't"
598,31549,img/31549.png,1,the wife said we needed a new coffee maker so i got one. her name is jill. the wife was not amused..
599,35801,img/35801.png,1,happy pride month y'all disney proudly presents the gentleman and the tranny
600,82673,img/82673.png,0,how to cook turkey in usa how to cook turkey in romania
601,63812,img/63812.png,0,why did paul walker cross the road? he wasn't wearing his seatbelt ifunny.co
602,28157,img/28157.png,0,i gave that bitch a plunger 'cause bitches love bringing up old shit
603,51972,img/51972.png,0,ww2 was not a game
604,26947,img/26947.png,1,why isn't my drain working? probably cause the pipes black
605,43109,img/43109.png,1,whites and dogs they smell just alike
606,48921,img/48921.png,0,"is this the supreme leader of isis? i'm coming to the ehd of my apologize for america"" tour. and i just had to tell you how sorry i am for all the bad press you have received"
607,96857,img/96857.png,0,don't stare to long you might laugh
608,62198,img/62198.png,1,master chef with low rating master chef with high rating
609,8964,img/08964.png,1,did you know . if you hold a person underwater long enough they stop being an asshole
610,49583,img/49583.png,0,mamma! i am hungry!!!!
611,21936,img/21936.png,0,the best revenge is leaving somebody completely tf alone
612,68503,img/68503.png,1,when the muslim pulls out a bomb from his bag it's so fucking big
613,85716,img/85716.png,1,when a retarded chick stares at you in lazy eye i'm gonna stick my dick in the mashed potatoes!
614,94710,img/94710.png,1,"what do you mean by: ""you're a hero ...and you have to leave.""? come on dude, let me in. nigger"
615,70319,img/70319.png,1,allah akbar! next thing you know everyone is dead  
616,30256,img/30256.png,1,shame on these gays! and shame on muslims marrying children. said the christian molesting little boys
617,43521,img/43521.png,1,you with the goat stop that!
618,2169,img/02169.png,1,"to see better, asians sometimes switch to fullscreen view"
619,65237,img/65237.png,0,showing skin '' since you don't have anything else to offer '
620,28735,img/28735.png,1,morgan freeman morgan not-so-freeman
621,50734,img/50734.png,0,"yes... i'm 1/2 goat, on my mother's side"
622,27591,img/27591.png,1,klu klux kar insurance we know it was dark and you just didn't see him
623,41706,img/41706.png,0,when mum tells you to rinse the vegetables
624,41803,img/41803.png,0,don't blame people for disappointing you blame yourself for trusting them
625,15648,img/15648.png,1,"it is no longer pc to call someone a ""tweeker""... they must now be referred to as ""methican american"
626,50492,img/50492.png,0,"you mad? yeah, you're mad"
627,18679,img/18679.png,1,"racist grandmoth always treat the jewish kids well, or they will put the shini curse on you"
628,45923,img/45923.png,1,the only woman who knows where her husband is... is a widow the rest of u can sit down... and make me another cup of tea
629,67481,img/67481.png,1,"keep yelling, motherfuckers allah be with you shortly"
630,3241,img/03241.png,1,when black people make white jokes when white people make black jokes
631,24653,img/24653.png,0,baboons on their way home
632,75230,img/75230.png,0,how to remember kid in hot car keep 2nd road beer with them!
633,12547,img/12547.png,1,gonna go outside #yolo anne frankly i thought she should have stayed home
634,98134,img/98134.png,1,"when you recorded 3times ""talak"" in your abbu voice and plays it in front of your mum becuase you wanna fuck her after divorce ye hai digital buslim"
635,76034,img/76034.png,0,my momma... momma says girls are the devil
636,32714,img/32714.png,0,hahaha fucking idiot
637,94130,img/94130.png,1,with black power comes no responsibility
638,59340,img/59340.png,0,you can't be racist if. nvm you are racist
639,90342,img/90342.png,1,hold my hookah pipe! when it comes to interracial marriage too many of our brothers are not marrying our sisters
640,3296,img/03296.png,0,come on over i'm having a party the place is crawling with pussy
641,53017,img/53017.png,0,children trying to stay cool in the water
642,85362,img/85362.png,0,man getting arrested by the la pd
643,60235,img/60235.png,1,"""no samuel, the star does not mean you're sheriff now"""
644,90681,img/90681.png,0,that's enough facebook for today this sammich isn't going to make itself
645,43087,img/43087.png,0,back in the day when you couldn't hide behind a computer screen
646,24501,img/24501.png,1,when one of your neighbor's goats strays away from the herd now this looks like a job for me
647,57348,img/57348.png,1,see? i fuckin told you a little foil on top keeps them jewsy medium rare is best
648,30245,img/30245.png,1,when the special ed kid drops his penny
649,4163,img/04163.png,1,i will kill this white man ooo wwe fans
650,35604,img/35604.png,0,if you got your phone wet try leaving it in dry rice overnight. it will attract the water from the phone and fix your electronic for you
651,16082,img/16082.png,1,are you bored? join spastics with special admin powers now
652,93568,img/93568.png,1,i'm so fucking gay i can't even think straight
653,4912,img/04912.png,1,immigrantswave our flag invaders wave their own
654,30957,img/30957.png,1,30% of women should have just shut fuck up
655,83921,img/83921.png,1,this faceapp stuff is incredible!
656,14329,img/14329.png,1,black pastors are the new house negroes the gatekeepers of mental slavery
657,90673,img/90673.png,1,when you ask the jewish girl for her number and she starts rolling up her sleeve
658,71502,img/71502.png,0,"i don't see ""color"" or ""race"" because i make sure to surround myself only with white people"
659,45209,img/45209.png,1,look muddafucka even i know that's fucking retarded
660,94205,img/94205.png,0,when your moms plastic an you're a spastic tragedy!!
661,61570,img/61570.png,1,you can't hate jews if there's no more jews
662,12873,img/12873.png,1,"oh, he's using you for sex? stop bitching, sex is awesome. complain when he's using you for laundry ..or a human shield"
663,40718,img/40718.png,1,we have enough thoughts and prayers please send bobs and vagine
664,6985,img/06985.png,0,"their average iq is about 70-80, few points above being retarded"
665,34520,img/34520.png,0,i'm just not happy being with you falcon punch!
666,14275,img/14275.png,1,i have 72 nukes aimed at israel if these damn j'ws don't stop pretending to be white i will wipe israel off the fucking map
667,39675,img/39675.png,0,white people is this a shooting range?
668,32416,img/32416.png,0,i reckon imma start some shit today mmmm hmmmmmm
669,71348,img/71348.png,0,oi!!! that's not the umbilical cord
670,50789,img/50789.png,1,immigrant problem problem fixed
671,87645,img/87645.png,1,how uncivilized typical nigger
672,9268,img/09268.png,1,incest never goes wrong
673,58134,img/58134.png,1,show m an american ghetto and i'll show you a place where white democrats are in power
674,89603,img/89603.png,0,when you've had a long day but you need to but geroceries
675,23564,img/23564.png,0,"hey dad can i have a car? hell no, son you can not"
676,13690,img/13690.png,0,the face he makes when he's about to tell you another war story
677,23795,img/23795.png,0,our thoughts and prayers go out to the victims
678,35942,img/35942.png,1,you know why muslims hates pigs? because they fuck donkeys!
679,19430,img/19430.png,0,i am not racist some of my best slaves are black
680,20617,img/20617.png,1,bruce jenner's cat
681,51473,img/51473.png,1,god: *creates jews* god: *creates jesus* jews: *kill jesus* god: *creates hitler* god:
682,59012,img/59012.png,1,"i don't always see muslims at the public swimming pool but when i do, i always tap this sign"
683,50361,img/50361.png,0,they call me a goat because i am the greatest of all time
684,25639,img/25639.png,1,why isn't my drain working? probably cause the pipe's black
685,27489,img/27489.png,0,how do we destroy the patriarchy? it's simple. we eat it
686,27014,img/27014.png,0,proof you can be a fruit and a vegetable
687,3128,img/03128.png,1,lazy day nothing to steal
688,64925,img/64925.png,0,when you have the privledge to carry anything on
689,72194,img/72194.png,0,"they fear us waking up from the bull shit, and taking back what was stolen from us"
690,67420,img/67420.png,1,human rights and democracy english style australia 1904
691,95283,img/95283.png,1,happy cinco de ported!
692,34109,img/34109.png,1,bring your jihad you camel piss drinking goat humpers
693,54632,img/54632.png,1,new seat belt design 50% less accidents
694,62471,img/62471.png,1,"pssst! the jews are the globalists that's what the term international jewry"" meant. but don't tell anyone, you can't say ""it's the jews"""
695,52614,img/52614.png,0,"what is he hiding? we need to see his tax returns! let me stop you right there hillary you deleted 30,000 emails, used bleach bit on hard drives, then destroyed phones with hammers you have no right to talk about peopie hiding anything"
696,59342,img/59342.png,1,hello my lgbtq friends it's pride month so free shots for everyone
697,2461,img/02461.png,0,"whenever you feel stupid, remember this"
698,24309,img/24309.png,0,when people ask me who my favorite golden girl is
699,26357,img/26357.png,0,you're the goat
700,53140,img/53140.png,1,"me respect women no, i don't believe bush did 9-11 it's just a meme"
701,5942,img/05942.png,1,"""your majesty, what's the secret to a long life?"" ""well kate, don't leave william for a fucking muslism."""
702,98425,img/98425.png,1,when your moms plastic and you're a spastic tragedy!!
703,45189,img/45189.png,1,"when your wife wont have sex, but your 16 year old step daughter just came home blackout drunk."
704,46130,img/46130.png,1,">2000: ""relax, bigot. it's not like gays are going to come into your kid's classroom and tell them to be gay."" >2017."
705,36107,img/36107.png,0,when it's time to talk about the birds and the bees
706,53108,img/53108.png,0,this one time at camp we got so baked
707,2543,img/02543.png,0,catch me outside how bout dat i'll catch my damn self outside
708,19834,img/19834.png,1,how to get a black guy to see his baby
709,85721,img/85721.png,1,racism is realizing that these are not the same species
710,16759,img/16759.png,1,handjobs sold seperately
711,42871,img/42871.png,1,immigrant problem problem fixed
712,96821,img/96821.png,0,if this is banned in islamic countries in western countries? shouldn't this be banned
713,91436,img/91436.png,0,either this works or i'm screwed
714,2476,img/02476.png,0,im never doing a garden again!
715,86054,img/86054.png,0,friendly reminder: a hooker and con man are in the white house fucking things up
716,34078,img/34078.png,0,the only answer the only solution
717,75068,img/75068.png,1,they did not even leave dogs
718,79351,img/79351.png,1,jew mad? get fuhrerious!
719,61873,img/61873.png,0,cinco de mayo isnt even celebrated by most mexicans it's just an excuse for white americans to get drunk
720,76592,img/76592.png,1,he went to jihad's
721,27436,img/27436.png,0,"""i'll have to resign"" and then i said do i look like i give a fuck?!"
722,91234,img/91234.png,1,we'll kill you over some trivial shit then fucking mock your dying words
723,70385,img/70385.png,0,lord please protect all of the bikers out there every day
724,50413,img/50413.png,0,i was going to paint my bathroom door but my girlfriend was dead against it
725,6357,img/06357.png,0,it's time to stop this
726,71586,img/71586.png,0,oh look. this thread again
727,39401,img/39401.png,0,one little phone call and all charges are dropped
728,16830,img/16830.png,0,the holocaust is a sad moment in history
729,24905,img/24905.png,0,nascar presents the wal-mart 500
730,32781,img/32781.png,0,look son... another terror attack by peaceful muslims!
731,15439,img/15439.png,0,goat yoga is my favorite sport
732,85139,img/85139.png,1,i will find you and i will kill you you black bastard
733,89072,img/89072.png,1,white cop kills black man black man kills black man
734,34021,img/34021.png,1,"i put the ""ape"" in rape"
735,24806,img/24806.png,1,"just because you have a beard, it doesn't mean you're a man. last time i checked vaginas can grow hair too"
736,85012,img/85012.png,1,"feminism: because bitter, ugly lesbian need attention too!"
737,72413,img/72413.png,0,"hey, you"
738,81374,img/81374.png,1,meet muhammed
739,26903,img/26903.png,0,"i don't have ex's. i have y's. like, ""y the hell did i date you?!?"""
740,48205,img/48205.png,1,i hear in heaven i'll fuck muslims
741,24083,img/24083.png,1,i don't see a poblem with banging my sister adam and eves kids had to bang to populate the world
742,16538,img/16538.png,1,this goat is so raw muslims are trying to fuck it!!
743,69807,img/69807.png,1,"what is the most offensive joke you have ever written? if only africa had more mosquito nets, less mosquitos would have to die needlessly of aids"
744,69074,img/69074.png,0,mohammed i'm pregnant...
745,68407,img/68407.png,1,that look when your father sells you for a goat
746,16208,img/16208.png,1,"so, 100 americans and 300 russians walked into a mg 42"
747,81079,img/81079.png,1,"everyone knows hitting appliances that stop working, sometimes fixes the problem"
748,57638,img/57638.png,1,back in my day blowin a tranny was car trouble
749,28695,img/28695.png,1,"gods chocen #psychopaths living on stolen land, armed and subsidized by the so-called ""jewish state"""
750,75321,img/75321.png,1,cannibal tribe from indonesia will take muslim refugess in any amount
751,91537,img/91537.png,1,gay people: sex is so care-free. we cant get pregnant! aids:
752,85936,img/85936.png,1,love is love respect
753,94230,img/94230.png,0,kathy bates in the movie waterboy
754,23746,img/23746.png,1,official muslim refugee checkpoint
755,65308,img/65308.png,1,"hello, maria? yes your uber has arrived"
756,9618,img/09618.png,0,vitiligo is a disease that causes the loss of skin color
757,17306,img/17306.png,1,march against muslims 6 million dogs in britain 3 million muslims dogs lives matter we demand muslim free zones i lost my job as a sniffer dog because muslim racists say i'm 'unclean'
758,13640,img/13640.png,0,authentic lunch in venezuela
759,92157,img/92157.png,0,when you are that ugly you don't have a choice
760,70842,img/70842.png,0,help the poor children in africa
761,69380,img/69380.png,1,adding coolant when the farm equipment overheats
762,50617,img/50617.png,0,mom? i'm pregnant!!
763,19026,img/19026.png,1,only black character in the game passive abiity: runs faster under fire
764,57164,img/57164.png,1,i don't think abortion is wrong if i was raped i wouldn't won't some black baby in me either
765,7523,img/07523.png,1,man caught having sex with a feminist at the beach
766,49270,img/49270.png,0,rosie o 'donnell had to be removed from her home today to make good on her threat to leave the us if donald trump became president
767,71459,img/71459.png,1,partial arts
768,64820,img/64820.png,1,strike fear in the hearts of the infide.. shut! up!
769,4759,img/04759.png,0,im ready to have some fun
770,37629,img/37629.png,1,the perfect game doesn't exis......
771,75092,img/75092.png,1,lesbian trans woman? ain't that just a regualr guy?
772,63580,img/63580.png,0,great at making martinis terrible at stealing tambourines
773,51387,img/51387.png,1,'' wing wing wing ''
774,93468,img/93468.png,0,both guilty of murder guilty ambassador pleaded for help and obama ignored his pleas
775,86103,img/86103.png,1,never forgive a people !!! who $old your babies then made you love theirs
776,8234,img/08234.png,1,"a world leader, a supermodel, a mass murderer, a tranny, satan's daughter, and a peanut farmer walk into a funeral......"
777,84236,img/84236.png,0,you cant post that
778,90386,img/90386.png,0,"when asked what did you click on, you said ""nothing"" the 12 toolbars in your browser determined that was a lie"
779,93605,img/93605.png,1,black people are underprivileged so if my baby is black i'll be sure to get an abortion
780,20491,img/20491.png,1,if your happy and you know it clap your hands.
781,91462,img/91462.png,1,it is easier to pick fights with black women than to challenge white men
782,25719,img/25719.png,0,when you accidentally fall in the toilet
783,69542,img/69542.png,0,stop testing the new me like the old me ain't still in me
784,34075,img/34075.png,0,next time you complain about being hungry just remember it could be worse
785,71462,img/71462.png,0,the porn again christian
786,82510,img/82510.png,1,what's the difference between harry potter and the jews? harry managed to escape from the chambers
787,23581,img/23581.png,1,show intolerance for other's religions expect highest level of tolerance for their own
788,34586,img/34586.png,0,my sense of humor is so dark it picks cotton
789,59148,img/59148.png,0,when you can feel confident in yourself no matter your limitations
790,70429,img/70429.png,1,don't worry we put an exclusion for white males in our anti-hatred resolution
791,52743,img/52743.png,1,like a hot ls swapped rx-7 girl with a penis
792,26174,img/26174.png,1,a muslim ban would've stopped that
793,19653,img/19653.png,1,lucifer is hot! let's kill all non-catholics antichrist sun worship
794,93057,img/93057.png,1,how men who ride crotch rockets check on their pizzas
795,10835,img/10835.png,1,"yeah bitches 6,000,000 kill streak"
796,71530,img/71530.png,1,holocaust makes me sad!
797,43608,img/43608.png,1,when you're fucking but wanna make sure he's not stealing anything
798,38761,img/38761.png,1,moslems kill hundreds of innocents on a weekly basis and no one bats an eye one aussie goes sick and everyone loses their fucking minds
799,1598,img/01598.png,1,men are like dogs we're excited to see you... and have no clue what you're mad about
800,35216,img/35216.png,1,"it's time to kill the british and dump tea into the ocean, and i'm all out of tea"
801,71364,img/71364.png,1,obama voters
802,79138,img/79138.png,1,never trust women
803,97230,img/97230.png,1,trump better deal with these muslims before they kill me
804,17830,img/17830.png,0,exfoliating with the tears of my haters
805,37285,img/37285.png,0,"i'm sure glad i dodged that bullet fuck white women asians are cute and tight asf i should know, i watch anime and hentai"
806,89206,img/89206.png,1,whats wrong with your skin? why is it like that? oh you're black? thats pretty cringe
807,25610,img/25610.png,0,enjoying a day at the beach
808,17034,img/17034.png,1,that look transgender preditor gives when she's hungry for white people
809,98501,img/98501.png,0,send me sexy pic
810,69582,img/69582.png,1,why can't you play uno with a mexican? because they'll steal all the green cards
811,62043,img/62043.png,0,trade you an already fucked chicken
812,59678,img/59678.png,1,me thinking about lunch 5min after clocking in
813,98643,img/98643.png,1,you see little black children i see hundreds of thousands in welfare and future incarcerations
814,36248,img/36248.png,1,i heard you need a new tranny?
815,75928,img/75928.png,1,white people after they put the divider in between your groceries
816,35764,img/35764.png,1,leo varadkar stars in.... 'tranny without a fanny' coming soon in dail anal
817,14823,img/14823.png,1,you are the funny one maybe i'll kill you last
818,25164,img/25164.png,0,washington and cornwallis at laguardia
819,9867,img/09867.png,1,we can kill as many as we want and your stupid government keeps bringing us in
820,32168,img/32168.png,0,adding coolant when the farm equipment overheats
821,98145,img/98145.png,1,can't get enough save palestinian kids
822,84703,img/84703.png,1,"""oh no hundreds of white people: years of culture is being destroyed"" all other reaces: first time?"
823,23908,img/23908.png,1,my favorite vegetable is me!
824,75294,img/75294.png,0,"so like, why are men even gay? girls have buttholes too you know.."
825,36081,img/36081.png,1,in this edition we don't buy property; we steal it!
826,59260,img/59260.png,1,my priceless child porn collection you stupid goyim owe me 6 million sheckles
827,72195,img/72195.png,0,if you don't like the way i do things feel free to mind your own fucking business
828,48203,img/48203.png,0,3d visualization of atomic bomb
829,93187,img/93187.png,1,when wwe has a ppv in world war ll germany incineration chamber
830,48512,img/48512.png,0,mississippi wind chime
831,79680,img/79680.png,1,when you finally graduate in a school in the usa
832,78459,img/78459.png,1,you know like when the tv doesnt work you give it a hard hit and then its all better
833,20657,img/20657.png,0,i'm not racist ... some of my best ffriends are brown
834,21609,img/21609.png,0,holocaust makes me sad!
835,49861,img/49861.png,1,ready for the cupcake? wake up and smell the bacon! we're loosing our beloved america to these goat humpers stop being afraid of being called a racist and grow a pair and act like americans
836,13095,img/13095.png,1,how mexicans be like.. when they hear their friends kid is having a birthday party
837,74513,img/74513.png,1,you can hide but you can't run
838,82705,img/82705.png,1,what's worse than a female driver?
839,43279,img/43279.png,1,"stevie wonder cant read? no shit, he's black"
840,68379,img/68379.png,1,i can put up with muslims killing canadians but i absolutely will not tolerate canadians criticizing muslims
841,96570,img/96570.png,1,that's enough facebook for today  this sammich isn't going to make itself!
842,1475,img/01475.png,1,last time muslims invaded europe vlad stuck poles up their asses and made a fucking forest be like vlad
843,36497,img/36497.png,0,how to get a black guy to see his baby
844,83246,img/83246.png,1,why don't jews eat pussy? because it's too close to the gas chamber
845,29137,img/29137.png,1,goofy fuckin black people
846,73164,img/73164.png,1,what i'm really thinking when i like all your pictures
847,43782,img/43782.png,0,what happened in auschwitz is inhuman
848,32980,img/32980.png,1,im mixed with what? gorilla and rhino
849,46921,img/46921.png,0,putting this on the fridge to look at every time go get a snack i don't need you could have easily lost tirty pounds tis munt
850,2691,img/02691.png,0,teaching them how to hunt young
851,94087,img/94087.png,1,"""never forget"" -you said.. i am the proof- you have forgotten"
852,9527,img/09527.png,1,listen up cupcake we are losing our country to goat humpers!
853,71048,img/71048.png,0,in england they drive on the left in canada we drive on what's left
854,17248,img/17248.png,0,what we do in our bedroom is none of your business which is why we have parades that block traffic and force you to see examples of what we do in our bedroom
855,51243,img/51243.png,0,honestly how often do you masturbate?
856,14685,img/14685.png,1,"white people throwing rice at weddings. ""why are they wasting the food"""
857,37865,img/37865.png,0,i'm not saying that your perfume is too strong. all i'm saying is that the canary was alive before you got here
858,42091,img/42091.png,0,you said you would be on my side
859,86351,img/86351.png,1,"robert mugabe:"" it's better for a man to be stingy with his money because he hustled it...... than for a woman to deny you a hole that she didn't even drill.."""
860,31794,img/31794.png,0,i said a glass of orange juice not just any juice
861,13607,img/13607.png,0,respect your elders they've learned a lot in their time
862,89750,img/89750.png,0,jamal! im pregnant!!!
863,27946,img/27946.png,1,cadbury's halal creme eggs  now available in special edition
864,89063,img/89063.png,0,you boys every played hot potato
865,87519,img/87519.png,1,"""never forget"" -you said.. i am the proof you have forgotten"
866,3187,img/03187.png,0,every dad: *shaves beard* his own baby: i've never met this man in my life
867,75801,img/75801.png,0,stepped on a landmine didn't weigh enough
868,96023,img/96023.png,0,pussy fight!
869,20163,img/20163.png,0,i am your equal!! spend money on me!!
870,65349,img/65349.png,1,all woman or all tranny?
871,43675,img/43675.png,0,when your pesky cat wants to be extra warm despite telling them no
872,42168,img/42168.png,1,when your little one brings home his first girlfriend
873,71942,img/71942.png,1,stepped on a landmine didn't weigh enough
874,27843,img/27843.png,1,a transgendered 4 year old is like a vegan cat we all know who is making their lifestyle choices
875,20497,img/20497.png,1,"lets erect a memorial to all the americans murdered by an illegal alien make it 1,500 miles long 30 feet tall and put it on the southern border"
876,14238,img/14238.png,0,most religions are religions of peace
877,27468,img/27468.png,1,when the squad is about to get lit..
878,47531,img/47531.png,0,yes i have changed i realized i was fucking up and changes had to be made
879,72805,img/72805.png,0,i'm going to hate the way i sound i guarantee it
880,31290,img/31290.png,0,9 months before i was born i went to a party with my dad and left with my mom
881,17086,img/17086.png,0,oh you're triggered? must be hard being a special snowflake
882,72680,img/72680.png,0,thug life until 10pm
883,36049,img/36049.png,0,knowing white people he's probably the father
884,42801,img/42801.png,1,send me location
885,81692,img/81692.png,0,meanwhile at the isis strip club
886,81576,img/81576.png,1,"him: ""you have to respect our religious beliefs"" me:"
887,17624,img/17624.png,0,just trying to do my part
888,70934,img/70934.png,1,how transgender kid and his family roll up to the court ruling about adding a gender inclusive bathroom to the school
889,82541,img/82541.png,0,when you take a bottle of water to africa
890,42056,img/42056.png,1,kill all niggers white power
891,25318,img/25318.png,1,is it just me or does justin bieber look like a 35 year old lesbian?
892,96172,img/96172.png,1,you see that?? it means get the fuck back to the kitchen
893,8357,img/08357.png,0,nazi soldiers used flame throwers to clear trenches
894,60598,img/60598.png,1,jews: exsist hitler: it'd be a lot cooler if you didn't
895,38127,img/38127.png,0,how the co looks when he tells the crew were not getting mail on the next ras
896,26495,img/26495.png,1,when your goat tells you she ain't on the pil
897,24986,img/24986.png,0,the best game of all time farming simulator 1848
898,46152,img/46152.png,0,our insurance we know it was dark and you didn't see him
899,8349,img/08349.png,1,"honor killings are part of our culture well then, it will be my honor to kill you all"
900,82963,img/82963.png,1,if there are no blacks there would be no racism
901,35729,img/35729.png,1,looking for attention? join us
902,56749,img/56749.png,0,way over there is where you go with that bullshit
903,45219,img/45219.png,0,love doesn't have a color
904,96150,img/96150.png,0,yes donald. that sounds good. i once built a wall too
905,81365,img/81365.png,1,"wait, mohammad come back!! i didn't mean to laugh, really size doesh't matter to me lol"
906,53607,img/53607.png,1,it's racist to call me a goat humper even though i hump goats
907,43015,img/43015.png,0,farm equipment and livestock don't mix
908,93016,img/93016.png,1,drinking wine is bad drinking camel piss is good
909,21405,img/21405.png,0,remember the past to save the future
910,16357,img/16357.png,1,happy birthday ya lil goat fucker
911,75428,img/75428.png,1,black people: damn y'all crackas some bitches y'all so sensitive lmao mayo ass crackas white people: black people:
912,81257,img/81257.png,0,"old people at weddings always poke me and say ""you're next."" so, i started doing the same thing to them at funerals"
913,18207,img/18207.png,1,how can i accept trans people? if they can't even accept themselves
914,28517,img/28517.png,0,if your grandma's couch was always covered in plastic it's because she was a squirter
915,14697,img/14697.png,0,"everyone knows hitting appliances that stop working, sometimes fixes the problem"
916,48396,img/48396.png,1,"normal people , indian people"
917,45691,img/45691.png,1,"call me ""sir"" one more time and i'll show you a sir! macho ma'am tranny savage"
918,94236,img/94236.png,1,everyone jews why does the world hate us ?
919,54138,img/54138.png,0,how hungry people eat their food mmmm.... delicious
920,38072,img/38072.png,0,your race card is declined
921,39107,img/39107.png,0,when you're shy everytime your friend takes selfies
922,53679,img/53679.png,1,and that was the last time we let uncle larry babysit
923,13098,img/13098.png,1,upper downer
924,28360,img/28360.png,0,the pope says trump is not a christian because christians dont build walls vatican walls are 40 feet high
925,85209,img/85209.png,0,a short history of u.s. presidents
926,94156,img/94156.png,0,i'm proof that even the dumbest student can one day lead the democrat party
927,46387,img/46387.png,0,"i'm not saying i hate you all i'm saying is if you got hit by a bus, i'd be driving that bus"
928,96745,img/96745.png,0,"oh, you got offended by a post on the internet? you must be new here"
929,59436,img/59436.png,1,jewber: uber for jews
930,45037,img/45037.png,1,i caught my goat cheating on me!
931,37049,img/37049.png,0,kids in africa dancing and having a good time
932,43569,img/43569.png,1,what would i do if she got pregnant
933,65283,img/65283.png,0,a mother speaking to her deaf child using sign language
934,87290,img/87290.png,0,friends tired of your politics? here is a picture of a kitten you can share
935,20593,img/20593.png,0,who ya gonna call? goat fuckers
936,98243,img/98243.png,1,a black man invention ''
937,86741,img/86741.png,0,"i like big girls because, no matter where you grab them it feels like titties.."
938,10539,img/10539.png,0,"millions of kills, 1 death what a fucking camper"
939,46528,img/46528.png,0,if you're happy and you know it go to hell
940,91862,img/91862.png,1,europe has been peaceful since they left the middle east has suffered since they arrived coincidence?
941,57236,img/57236.png,1,when buslim nibba see his sister
942,32876,img/32876.png,1,those are some clean burning jews i tell ya h'wat
943,20835,img/20835.png,1,in my country i am forced to keep my mouth shut here i am free to talk trash about this country in hopes that it can change into a country where i am forced to keep my mouth shut
944,86017,img/86017.png,0,i may be blind but at least im alive
945,42860,img/42860.png,1,though we adore men individually we agree that as a group they're rather stupid
946,21749,img/21749.png,1,this one time at camp someone had too much gas
947,98125,img/98125.png,1,"do you hate rapist? and child molesters? and people who think their race is superior to all? oh , so you hate muslims too huh. good shit"
948,63417,img/63417.png,0,joe: you were a mistake curious george obama: you'll be a bigger one creepy joe
949,45987,img/45987.png,1,we kill you on 9/11 and you elect 3 of us to congress stupid infidels!
950,37284,img/37284.png,1,the difference between moderate muslim and radical muslim follow my allah or he kill you moderate muslim follow my allah or i kill you! radical muslim
951,73465,img/73465.png,1,when you glue your ass shut so your uncle can't rape you survival
952,95846,img/95846.png,1,look son... another terror attack by peaceful muslims!
953,13570,img/13570.png,0,who needs help getting into the u.s i can help
954,50894,img/50894.png,1,flowers for martin luther king day
955,14059,img/14059.png,1,"when the school shooter fires at the retarded kid, but it ricochets off of his helmet and kills the shooter"
956,56973,img/56973.png,0,how to make everyone hate you
957,2857,img/02857.png,1,"i love it when women go to school. it's like seeing a monkey on roller skates: it means nothing to them, but it's so adorable for us"
958,90126,img/90126.png,1,when you have to hold her like this at night because she steals
959,16820,img/16820.png,0,thinking befor '' '' robbery
960,75063,img/75063.png,0,morgan freeman has been old my entire life. 2000 2017
961,92874,img/92874.png,1,so..convert to islam or die?  i say fuck it..let's roll
962,58190,img/58190.png,1,only two things come from muslim countries pedophiles and goat fuckers! which are you mohammed?
963,69472,img/69472.png,1,"they named us after the land mass they shipped us to! ""the only difference between a dominican, puerto rican, cuban, jamaican, haitian, bahamian and african american is a boat stop."""
964,63548,img/63548.png,0,we said we would never forget why are you voting them into our governement?
965,43185,img/43185.png,0,it's obvious that he's thinking about another girl i can't believe that the lamb's bride has been the new jerusalem this whole time
966,65094,img/65094.png,0,"in 8 yrs i improved life for millions of illegal aliens, every muslim terrorist group & basically everyone i could except the one country i was responsible for"
967,15743,img/15743.png,0,when you introduce someone to a new meme you like that?
968,19326,img/19326.png,0,"rep. omar, somali refugee, claims life in usa is an ""everyday assault"" is she right or out of her mind"
969,48276,img/48276.png,0,master chef with low rating master chef with high rating
970,72561,img/72561.png,1,back in my day blowing a tranny meant car trouble
971,23851,img/23851.png,0,just a reminder that the guy on the left believes he is genetically superior to the guy on the right
972,10524,img/10524.png,0,some people did something again.
973,42810,img/42810.png,1,that chicken is so black it owes child support
974,84721,img/84721.png,0,cow girls like to take their summer photos in hay fields
975,72301,img/72301.png,0,when u forget to lock ur basement door and ur pets try to run away
976,14837,img/14837.png,0,can you please tag laura and let her know she has left her bra
977,50834,img/50834.png,1,white men are evil... i married one to make sure
978,94132,img/94132.png,0,"i sent him a picture of my vagina... and he said ""he loves arby's too."""
979,51462,img/51462.png,1,we can kill as many as we want and your stupid government keeps bringing us in
980,4783,img/04783.png,0,"where you can get with that bull shit what is ""fuck outta here correct"
981,38495,img/38495.png,1,it didn't happen because of the actions of one man it happened because of people who were 'just doing their jobs'
982,26534,img/26534.png,1,"can't wait for 2019. suspect is a gender fluid , assigned male at birth wearing non gender specific clothing born caucasian,but identifies as a mountain panda"
983,23408,img/23408.png,0,she was born at the same time as mlk jr. though you think of them as different eras
984,51708,img/51708.png,0,i offered her a penny for her thoughts she gave me change
985,56741,img/56741.png,0,any girls a squirter if you sever an artery
986,10843,img/10843.png,0,your an idiot trump thanks for the wall i'm need target practice
987,46529,img/46529.png,0,look son...another terror attack by peaceful bears!
988,50163,img/50163.png,0,this muslim guy is walking his goats
989,12035,img/12035.png,0,i date crazy bikers with beards cause once you ride a beard and a harley you don't go back
990,56792,img/56792.png,0,you're so full of shit even your eyes are brown!
991,27810,img/27810.png,1,"shoot boy, i ain't racist i've got four black tires and a color tv"
992,93426,img/93426.png,0,you see an innocent child i see the perpetuation of systematig oppression
993,69235,img/69235.png,1,looking at you sorry no cure
994,10653,img/10653.png,0,buckle up sugar tits 'cause i'm about to take you to pound town in the fuck truck
995,46283,img/46283.png,0,when you're dedicated to working out everyday
996,46359,img/46359.png,0,"then something amazing started to happen! last year tyrone got a new job, started building his credit, and spending more time with his kids"
997,58061,img/58061.png,1,i now have two identities transgender and transfat
998,36152,img/36152.png,0,"when your eating out your grandma and you taste horse cum then think to yourself ""oh that's how she died"
999,90378,img/90378.png,0,every place has their meet up spot after school
